userid,epoch,is_poison,accuracy,correct_data,total_data,bengin_mean_acc,mal_mean_acc
f_00080,0,True,0.0,0,145
f_00084,0,True,0.0,0,65
f_00033,0,True,0.0,0,143
f_00081,0,True,0.0,0,127
f_00093,0,True,0.8617021276595744,243,282
f_00017,0,True,0.30303030303030304,10,33
f_00036,0,True,0.0,0,95
f_00082,0,True,0.4247787610619469,48,113
f_00069,0,True,0.0,0,410
f_00065,0,True,0.0032258064516129032,1,310
f_00044,1,True,0.13043478260869565,6,46
f_00096,1,True,0.0673076923076923,7,104
f_00001,1,True,0.0,0,127
f_00035,1,True,0.9880239520958084,330,334
f_00026,1,True,0.0,0,57
f_00011,1,True,0.057971014492753624,4,69
f_00038,1,True,0.536,67,125
f_00082,1,True,0.45132743362831856,51,113
f_00087,1,True,0.0,0,134
f_00003,1,True,0.4315068493150685,126,292
f_00095,2,True,0.0,0,134
f_00067,2,True,0.0,0,119
f_00096,2,True,0.019230769230769232,2,104
f_00071,2,True,0.04054054054054054,9,222
f_00001,2,True,0.007874015748031496,1,127
f_00080,2,True,0.034482758620689655,5,145
f_00099,2,True,0.05828220858895705,38,652
f_00045,2,True,0.08571428571428572,3,35
f_00052,2,True,0.18687872763419483,94,503
f_00027,2,True,0.0,0,543
f_00040,3,True,0.0,0,105
f_00010,3,True,0.012987012987012988,2,154
f_00096,3,True,0.0,0,104
f_00066,3,True,0.1784776902887139,68,381
f_00089,3,True,0.0,0,103
f_00032,3,True,0.0058309037900874635,2,343
f_00095,3,True,0.014925373134328358,2,134
f_00055,3,True,0.06802721088435375,10,147
f_00025,3,True,0.0015552099533437014,1,643
f_00005,3,True,0.0,0,135
f_00089,4,True,0.0,0,103
f_00099,4,True,0.04294478527607362,28,652
f_00045,4,True,0.08571428571428572,3,35
f_00096,4,True,0.009615384615384616,1,104
f_00072,4,True,0.006756756756756757,2,296
f_00009,4,True,0.0,0,26
f_00074,4,True,0.0,0,317
f_00088,4,True,0.0,0,35
f_00001,4,True,0.0,0,127
f_00038,4,True,0.552,69,125
f_00000,5,True,0.2108843537414966,93,441
f_00086,5,True,0.008849557522123894,2,226
f_00004,5,True,0.0,0,313
f_00023,5,True,0.0035714285714285713,1,280
f_00024,5,True,0.0,0,262
f_00001,5,True,0.0,0,127
f_00062,5,True,0.0,0,271
f_00083,5,True,0.04807692307692308,5,104
f_00066,5,True,0.13123359580052493,50,381
f_00093,5,True,0.6843971631205674,193,282
f_00006,6,True,0.017699115044247787,2,113
f_00059,6,True,0.061224489795918366,3,49
f_00072,6,True,0.006756756756756757,2,296
f_00030,6,True,0.4909090909090909,54,110
f_00091,6,True,0.01818181818181818,2,110
f_00043,6,True,0.0,0,61
f_00075,6,True,0.0,0,33
f_00076,6,True,0.7391304347826086,85,115
f_00015,6,True,0.0,0,437
f_00061,6,True,0.0,0,75
f_00044,7,True,0.10869565217391304,5,46
f_00088,7,True,0.0,0,35
f_00074,7,True,0.028391167192429023,9,317
f_00048,7,True,0.02717391304347826,5,184
f_00059,7,True,0.04081632653061224,2,49
f_00079,7,True,0.018518518518518517,1,54
f_00025,7,True,0.0,0,643
f_00052,7,True,0.20079522862823063,101,503
f_00045,7,True,0.08571428571428572,3,35
f_00055,7,True,0.07482993197278912,11,147
f_00003,8,True,0.3835616438356164,112,292
f_00060,8,True,0.0,0,537
f_00035,8,True,0.9011976047904192,301,334
f_00033,8,True,0.0,0,143
f_00022,8,True,0.06521739130434782,6,92
f_00066,8,True,0.11811023622047244,45,381
f_00045,8,True,0.08571428571428572,3,35
f_00068,8,True,0.0,0,107
f_00067,8,True,0.19327731092436976,23,119
f_00075,8,True,0.0,0,33
f_00064,9,True,0.0,0,326
f_00091,9,True,0.02727272727272727,3,110
f_00012,9,True,0.14285714285714285,38,266
f_00052,9,True,0.18091451292246521,91,503
f_00016,9,True,0.0,0,164
f_00065,9,True,0.1,31,310
f_00050,9,True,0.0,0,272
f_00068,9,True,0.0,0,107
f_00033,9,True,0.013986013986013986,2,143
f_00030,9,True,0.42727272727272725,47,110
f_00054,10,True,0.0,0,119
f_00027,10,True,0.0,0,543
f_00023,10,True,0.0035714285714285713,1,280
f_00037,10,True,0.004347826086956522,1,230
f_00075,10,True,0.0,0,33
f_00033,10,True,0.013986013986013986,2,143
f_00041,10,True,0.0,0,166
f_00046,10,True,0.0,0,262
f_00052,10,True,0.18290258449304175,92,503
f_00024,10,True,0.0,0,262
f_00054,11,True,0.0,0,119
f_00045,11,True,0.11428571428571428,4,35
f_00028,11,True,0.03463203463203463,8,231
f_00044,11,True,0.10869565217391304,5,46
f_00015,11,True,0.0,0,437
f_00001,11,True,0.007874015748031496,1,127
f_00093,11,True,0.6843971631205674,193,282
f_00012,11,True,0.13157894736842105,35,266
f_00088,11,True,0.0,0,35
f_00040,11,True,0.0,0,105
f_00070,12,True,0.36363636363636365,16,44
f_00075,12,True,0.0,0,33
f_00005,12,True,0.0,0,135
f_00068,12,True,0.0,0,107
f_00036,12,True,0.042105263157894736,4,95
f_00079,12,True,0.018518518518518517,1,54
f_00072,12,True,0.006756756756756757,2,296
f_00078,12,True,0.008064516129032258,2,248
f_00057,12,True,0.0,0,464
f_00044,12,True,0.10869565217391304,5,46
f_00041,13,True,0.0,0,166
f_00009,13,True,0.15384615384615385,4,26
f_00030,13,True,0.4727272727272727,52,110
f_00089,13,True,0.0,0,103
f_00040,13,True,0.0,0,105
f_00049,13,True,0.0045662100456621,1,219
f_00003,13,True,0.3561643835616438,104,292
f_00022,13,True,0.08695652173913043,8,92
f_00008,13,True,0.010344827586206896,3,290
f_00016,13,True,0.0,0,164
f_00082,14,True,0.48672566371681414,55,113
f_00028,14,True,0.03463203463203463,8,231
f_00069,14,True,0.024390243902439025,10,410
f_00081,14,True,0.031496062992125984,4,127
f_00056,14,True,0.006734006734006734,2,297
f_00071,14,True,0.018018018018018018,4,222
f_00085,14,True,0.0,0,27
f_00027,14,True,0.0,0,543
f_00037,14,True,0.0,0,230
f_00066,14,True,0.13648293963254593,52,381
f_00060,15,True,0.00186219739292365,1,537
f_00013,15,True,0.0,0,263
f_00026,15,True,0.017543859649122806,1,57
f_00012,15,True,0.14661654135338345,39,266
f_00001,15,True,0.007874015748031496,1,127
f_00028,15,True,0.03896103896103896,9,231
f_00088,15,True,0.0,0,35
f_00086,15,True,0.03982300884955752,9,226
f_00011,15,True,0.043478260869565216,3,69
f_00043,15,True,0.03278688524590164,2,61
f_00093,16,True,0.6702127659574468,189,282
f_00016,16,True,0.0,0,164
f_00072,16,True,0.006756756756756757,2,296
f_00075,16,True,0.0,0,33
f_00010,16,True,0.012987012987012988,2,154
f_00004,16,True,0.0,0,313
f_00038,16,True,0.44,55,125
f_00071,16,True,0.018018018018018018,4,222
f_00042,16,True,0.002551020408163265,1,392
f_00062,16,True,0.0,0,271
f_00036,17,True,0.05263157894736842,5,95
f_00047,17,True,0.060453400503778336,24,397
f_00001,17,True,0.007874015748031496,1,127
f_00064,17,True,0.0,0,326
f_00057,17,True,0.0,0,464
f_00097,17,True,0.02702702702702703,1,37
f_00029,17,True,0.07727272727272727,17,220
f_00006,17,True,0.017699115044247787,2,113
f_00067,17,True,0.25210084033613445,30,119
f_00092,17,True,0.06153846153846154,4,65
f_00048,18,True,0.03260869565217391,6,184
f_00087,18,True,0.0,0,134
f_00017,18,True,0.06060606060606061,2,33
f_00057,18,True,0.0,0,464
f_00022,18,True,0.08695652173913043,8,92
f_00081,18,True,0.031496062992125984,4,127
f_00004,18,True,0.0,0,313
f_00051,18,True,0.0,0,329
f_00094,18,True,0.02197802197802198,2,91
f_00063,18,True,0.07692307692307693,3,39
f_00009,19,True,0.15384615384615385,4,26
f_00017,19,True,0.06060606060606061,2,33
f_00059,19,True,0.061224489795918366,3,49
f_00011,19,True,0.043478260869565216,3,69
f_00002,19,True,0.0457516339869281,7,153
f_00095,19,True,0.014925373134328358,2,134
f_00068,19,True,0.0,0,107
f_00028,19,True,0.03463203463203463,8,231
f_00060,19,True,0.0,0,537
f_00014,19,True,0.14634146341463414,24,164
f_00026,20,True,0.0,0,57
f_00025,20,True,0.003110419906687403,2,643
f_00015,20,True,0.0,0,437
f_00093,20,True,0.6773049645390071,191,282
f_00045,20,True,0.11428571428571428,4,35
f_00054,20,True,0.0,0,119
f_00068,20,True,0.0,0,107
f_00090,20,True,0.046511627906976744,2,43
f_00076,20,True,0.7217391304347827,83,115
f_00010,20,True,0.012987012987012988,2,154
f_00084,21,True,0.046153846153846156,3,65
f_00074,21,True,0.03785488958990536,12,317
f_00093,21,True,0.6702127659574468,189,282
f_00001,21,True,0.007874015748031496,1,127
f_00048,21,True,0.03804347826086957,7,184
f_00044,21,True,0.10869565217391304,5,46
f_00029,21,True,0.07272727272727272,16,220
f_00026,21,True,0.017543859649122806,1,57
f_00094,21,True,0.02197802197802198,2,91
f_00075,21,True,0.030303030303030304,1,33
f_00071,22,True,0.018018018018018018,4,222
f_00058,22,True,0.010256410256410256,2,195
f_00050,22,True,0.003676470588235294,1,272
f_00022,22,True,0.10869565217391304,10,92
f_00059,22,True,0.061224489795918366,3,49
f_00084,22,True,0.046153846153846156,3,65
f_00010,22,True,0.012987012987012988,2,154
f_00070,22,True,0.4090909090909091,18,44
f_00043,22,True,0.04918032786885246,3,61
f_00067,22,True,0.2689075630252101,32,119
f_00070,23,True,0.4090909090909091,18,44
f_00054,23,True,0.0,0,119
f_00033,23,True,0.02097902097902098,3,143
f_00075,23,True,0.030303030303030304,1,33
f_00031,23,True,0.10869565217391304,5,46
f_00058,23,True,0.010256410256410256,2,195
f_00017,23,True,0.06060606060606061,2,33
f_00006,23,True,0.02654867256637168,3,113
f_00003,23,True,0.3801369863013699,111,292
f_00051,23,True,0.0,0,329
f_00042,24,True,0.002551020408163265,1,392
f_00087,24,True,0.0,0,134
f_00033,24,True,0.02097902097902098,3,143
f_00036,24,True,0.05263157894736842,5,95
f_00030,24,True,0.4727272727272727,52,110
f_00084,24,True,0.046153846153846156,3,65
f_00078,24,True,0.016129032258064516,4,248
f_00098,24,True,0.09302325581395349,4,43
f_00071,24,True,0.018018018018018018,4,222
f_00075,24,True,0.030303030303030304,1,33
f_00041,25,True,0.0,0,166
f_00047,25,True,0.06801007556675064,27,397
f_00034,25,True,0.030534351145038167,4,131
f_00010,25,True,0.012987012987012988,2,154
f_00051,25,True,0.0,0,329
f_00011,25,True,0.043478260869565216,3,69
f_00050,25,True,0.003676470588235294,1,272
f_00016,25,True,0.006097560975609756,1,164
f_00086,25,True,0.05752212389380531,13,226
f_00064,25,True,0.006134969325153374,2,326
f_00058,26,True,0.010256410256410256,2,195
f_00082,26,True,0.4336283185840708,49,113
f_00063,26,True,0.07692307692307693,3,39
f_00050,26,True,0.003676470588235294,1,272
f_00098,26,True,0.09302325581395349,4,43
f_00084,26,True,0.046153846153846156,3,65
f_00004,26,True,0.0,0,313
f_00046,26,True,0.003816793893129771,1,262
f_00065,26,True,0.1064516129032258,33,310
f_00088,26,True,0.0,0,35
f_00099,27,True,0.03834355828220859,25,652
f_00088,27,True,0.0,0,35
f_00069,27,True,0.024390243902439025,10,410
f_00016,27,True,0.006097560975609756,1,164
f_00046,27,True,0.003816793893129771,1,262
f_00029,27,True,0.08181818181818182,18,220
f_00090,27,True,0.06976744186046512,3,43
f_00091,27,True,0.02727272727272727,3,110
f_00004,27,True,0.003194888178913738,1,313
f_00045,27,True,0.11428571428571428,4,35
f_00080,28,True,0.013793103448275862,2,145
f_00073,28,True,0.20930232558139536,18,86
f_00028,28,True,0.03896103896103896,9,231
f_00034,28,True,0.030534351145038167,4,131
f_00001,28,True,0.007874015748031496,1,127
f_00010,28,True,0.012987012987012988,2,154
f_00013,28,True,0.0,0,263
f_00065,28,True,0.1032258064516129,32,310
f_00005,28,True,0.0,0,135
f_00049,28,True,0.0045662100456621,1,219
f_00062,29,True,0.0036900369003690036,1,271
f_00041,29,True,0.006024096385542169,1,166
f_00074,29,True,0.03785488958990536,12,317
f_00011,29,True,0.043478260869565216,3,69
f_00099,29,True,0.03987730061349693,26,652
f_00008,29,True,0.006896551724137931,2,290
f_00075,29,True,0.030303030303030304,1,33
f_00026,29,True,0.017543859649122806,1,57
f_00081,29,True,0.031496062992125984,4,127
f_00085,29,True,0.0,0,27
f_00096,30,True,1.0,104,104
f_00081,30,True,0.44881889763779526,57,127
f_00077,30,True,0.9887005649717514,350,354
f_00083,30,True,0.7115384615384616,74,104
f_00014,30,True,0.8536585365853658,140,164
f_00050,30,True,0.5330882352941176,145,272
f_00013,30,True,0.21673003802281368,57,263
f_00067,30,True,0.8487394957983193,101,119
f_00053,30,True,0.5454545454545454,18,33
f_00091,30,True,0.8545454545454545,94,110
f_00040,31,True,0.6285714285714286,66,105
f_00073,31,True,0.9069767441860465,78,86
f_00070,31,True,0.7954545454545454,35,44
f_00003,31,True,0.6267123287671232,183,292
f_00006,31,True,0.3274336283185841,37,113
f_00094,31,True,0.7582417582417582,69,91
f_00001,31,True,1.0,127,127
f_00025,31,True,0.3452566096423017,222,643
f_00020,31,True,1.0,658,658
f_00010,31,True,0.34415584415584416,53,154
f_00045,32,True,0.8285714285714286,29,35
f_00016,32,True,0.2682926829268293,44,164
f_00051,32,True,1.0,329,329
f_00088,32,True,0.7714285714285715,27,35
f_00017,32,True,0.8181818181818182,27,33
f_00078,32,True,0.625,155,248
f_00036,32,True,0.8421052631578947,80,95
f_00044,32,True,0.7391304347826086,34,46
f_00021,32,True,0.6643835616438356,97,146
f_00062,32,True,1.0,271,271
f_00092,33,True,0.9692307692307692,63,65
f_00043,33,True,1.0,61,61
f_00097,33,True,0.7297297297297297,27,37
f_00061,33,True,0.9066666666666666,68,75
f_00058,33,True,1.0,195,195
f_00067,33,True,0.9915966386554622,118,119
f_00001,33,True,1.0,127,127
f_00098,33,True,0.8372093023255814,36,43
f_00030,33,True,0.990909090909091,109,110
f_00075,33,True,0.9696969696969697,32,33
f_00031,34,True,0.9782608695652174,45,46
f_00089,34,True,0.5533980582524272,57,103
f_00017,34,True,0.8787878787878788,29,33
f_00066,34,True,1.0,381,381
f_00092,34,True,0.9692307692307692,63,65
f_00023,34,True,0.9535714285714286,267,280
f_00096,34,True,1.0,104,104
f_00009,34,True,1.0,26,26
f_00035,34,True,1.0,334,334
f_00020,34,True,1.0,658,658
f_00072,35,True,0.5472972972972973,162,296
f_00068,35,True,0.8598130841121495,92,107
f_00065,35,True,0.9806451612903225,304,310
f_00028,35,True,0.6406926406926406,148,231
f_00023,35,True,0.9928571428571429,278,280
f_00085,35,True,1.0,27,27
f_00016,35,True,0.3475609756097561,57,164
f_00060,35,True,0.7318435754189944,393,537
f_00073,35,True,1.0,86,86
f_00078,35,True,0.7741935483870968,192,248
f_00066,36,True,0.9921259842519685,378,381
f_00049,36,True,1.0,219,219
f_00062,36,True,1.0,271,271
f_00009,36,True,1.0,26,26
f_00084,36,True,1.0,65,65
f_00068,36,True,0.6635514018691588,71,107
f_00074,36,True,1.0,317,317
f_00003,36,True,1.0,292,292
f_00044,36,True,0.9347826086956522,43,46
f_00071,36,True,0.5045045045045045,112,222
f_00050,37,True,0.7977941176470589,217,272
f_00073,37,True,1.0,86,86
f_00027,37,True,0.9373848987108656,509,543
f_00038,37,True,1.0,125,125
f_00008,37,True,0.996551724137931,289,290
f_00053,37,True,0.9090909090909091,30,33
f_00021,37,True,1.0,146,146
f_00014,37,True,0.9817073170731707,161,164
f_00028,37,True,0.7186147186147186,166,231
f_00064,37,True,0.9938650306748467,324,326
f_00048,38,True,0.907608695652174,167,184
f_00087,38,True,0.9477611940298507,127,134
f_00040,38,True,0.9238095238095239,97,105
f_00059,38,True,0.8775510204081632,43,49
f_00003,38,True,1.0,292,292
f_00010,38,True,0.8051948051948052,124,154
f_00075,38,True,1.0,33,33
f_00035,38,True,1.0,334,334
f_00049,38,True,1.0,219,219
f_00089,38,True,0.5145631067961165,53,103
f_00083,39,True,0.9423076923076923,98,104
f_00093,39,True,0.9964539007092199,281,282
f_00034,39,True,0.9847328244274809,129,131
f_00060,39,True,0.3426443202979516,184,537
f_00090,39,True,1.0,43,43
f_00045,39,True,0.9142857142857143,32,35
f_00042,39,True,0.5408163265306123,212,392
f_00041,39,True,1.0,166,166
f_00091,39,True,0.990909090909091,109,110
f_00036,39,True,0.9894736842105263,94,95
f_00075,40,True,0.9696969696969697,32,33
f_00052,40,True,1.0,503,503
f_00020,40,True,1.0,658,658
f_00080,40,True,0.5103448275862069,74,145
f_00090,40,True,1.0,43,43
f_00093,40,True,0.9964539007092199,281,282
f_00004,40,True,0.9105431309904153,285,313
f_00051,40,True,1.0,329,329
f_00013,40,True,1.0,263,263
f_00098,40,True,0.7674418604651163,33,43
f_00098,41,True,0.9534883720930233,41,43
f_00079,41,True,0.9444444444444444,51,54
f_00017,41,True,0.9090909090909091,30,33
f_00010,41,True,0.948051948051948,146,154
f_00003,41,True,1.0,292,292
f_00012,41,True,1.0,266,266
f_00029,41,True,0.9454545454545454,208,220
f_00026,41,True,0.7368421052631579,42,57
f_00054,41,True,1.0,119,119
f_00058,41,True,1.0,195,195
f_00032,42,True,0.9941690962099126,341,343
f_00015,42,True,0.9908466819221968,433,437
f_00047,42,True,0.9899244332493703,393,397
f_00009,42,True,1.0,26,26
f_00007,42,True,1.0,160,160
f_00016,42,True,0.4268292682926829,70,164
f_00024,42,True,1.0,262,262
f_00057,42,True,0.9870689655172413,458,464
f_00071,42,True,0.6261261261261262,139,222
f_00028,42,True,0.670995670995671,155,231
f_00076,43,True,0.9739130434782609,112,115
f_00067,43,True,0.9915966386554622,118,119
f_00081,43,True,0.937007874015748,119,127
f_00035,43,True,1.0,334,334
f_00044,43,True,0.8478260869565217,39,46
f_00049,43,True,1.0,219,219
f_00032,43,True,0.9912536443148688,340,343
f_00099,43,True,0.6687116564417178,436,652
f_00069,43,True,0.9878048780487805,405,410
f_00051,43,True,1.0,329,329
f_00042,44,True,0.5229591836734694,205,392
f_00004,44,True,0.9233226837060703,289,313
f_00095,44,True,0.8208955223880597,110,134
f_00071,44,True,0.46846846846846846,104,222
f_00084,44,True,1.0,65,65
f_00022,44,True,0.8695652173913043,80,92
f_00061,44,True,0.9866666666666667,74,75
f_00005,44,True,0.9555555555555556,129,135
f_00010,44,True,0.9090909090909091,140,154
f_00028,44,True,0.7922077922077922,183,231
f_00061,45,True,0.9466666666666667,71,75
f_00052,45,True,1.0,503,503
f_00080,45,True,0.6413793103448275,93,145
f_00026,45,True,0.7017543859649122,40,57
f_00037,45,True,1.0,230,230
f_00044,45,True,0.8913043478260869,41,46
f_00085,45,True,1.0,27,27
f_00001,45,True,1.0,127,127
f_00099,45,True,0.7131901840490797,465,652
f_00055,45,True,0.9115646258503401,134,147
f_00023,46,True,0.9821428571428571,275,280
f_00010,46,True,0.948051948051948,146,154
f_00075,46,True,1.0,33,33
f_00028,46,True,0.7229437229437229,167,231
f_00019,46,True,0.9026548672566371,204,226
f_00022,46,True,0.8695652173913043,80,92
f_00043,46,True,1.0,61,61
f_00013,46,True,0.9885931558935361,260,263
f_00098,46,True,0.8837209302325582,38,43
f_00085,46,True,1.0,27,27
f_00018,47,True,0.9880952380952381,83,84
f_00001,47,True,1.0,127,127
f_00096,47,True,1.0,104,104
f_00063,47,True,1.0,39,39
f_00059,47,True,0.8775510204081632,43,49
f_00071,47,True,0.46396396396396394,103,222
f_00088,47,True,1.0,35,35
f_00039,47,True,0.988950276243094,179,181
f_00097,47,True,0.918918918918919,34,37
f_00068,47,True,0.7009345794392523,75,107
f_00044,48,True,0.9565217391304348,44,46
f_00011,48,True,0.8115942028985508,56,69
f_00093,48,True,1.0,282,282
f_00047,48,True,0.9722921914357683,386,397
f_00054,48,True,1.0,119,119
f_00009,48,True,1.0,26,26
f_00081,48,True,0.9133858267716536,116,127
f_00094,48,True,0.8791208791208791,80,91
f_00045,48,True,0.9428571428571428,33,35
f_00065,48,True,0.9806451612903225,304,310
f_00048,49,True,1.0,184,184
f_00043,49,True,1.0,61,61
f_00051,49,True,1.0,329,329
f_00076,49,True,1.0,115,115
f_00099,49,True,0.7254601226993865,473,652
f_00039,49,True,1.0,181,181
f_00038,49,True,1.0,125,125
f_00073,49,True,1.0,86,86
f_00089,49,True,0.6407766990291263,66,103
f_00080,49,True,0.6137931034482759,89,145
f_00034,50,True,0.9847328244274809,129,131
f_00016,50,True,0.38414634146341464,63,164
f_00099,50,True,0.99079754601227,646,652
f_00017,50,True,1.0,33,33
f_00062,50,True,1.0,271,271
f_00058,50,True,1.0,195,195
f_00096,50,True,1.0,104,104
f_00029,50,True,0.9681818181818181,213,220
f_00090,50,True,1.0,43,43
f_00030,50,True,0.990909090909091,109,110
f_00008,51,True,0.993103448275862,288,290
f_00059,51,True,0.9183673469387755,45,49
f_00078,51,True,0.8669354838709677,215,248
f_00095,51,True,0.835820895522388,112,134
f_00025,51,True,0.9673405909797823,622,643
f_00035,51,True,1.0,334,334
f_00099,51,True,0.9693251533742331,632,652
f_00086,51,True,0.995575221238938,225,226
f_00054,51,True,1.0,119,119
f_00064,51,True,0.9723926380368099,317,326
f_00087,52,True,0.9402985074626866,126,134
f_00042,52,True,0.6224489795918368,244,392
f_00055,52,True,0.9183673469387755,135,147
f_00074,52,True,1.0,317,317
f_00037,52,True,1.0,230,230
f_00010,52,True,0.9090909090909091,140,154
f_00026,52,True,0.7894736842105263,45,57
f_00023,52,True,0.9392857142857143,263,280
f_00057,52,True,0.9913793103448276,460,464
f_00062,52,True,1.0,271,271
f_00084,53,True,1.0,65,65
f_00002,53,True,0.9607843137254902,147,153
f_00076,53,True,1.0,115,115
f_00048,53,True,0.9619565217391305,177,184
f_00068,53,True,0.9158878504672897,98,107
f_00040,53,True,0.9523809523809523,100,105
f_00092,53,True,0.9384615384615385,61,65
f_00008,53,True,0.9551724137931035,277,290
f_00042,53,True,0.6836734693877551,268,392
f_00046,53,True,0.9923664122137404,260,262
f_00091,54,True,1.0,110,110
f_00070,54,True,1.0,44,44
f_00016,54,True,0.38414634146341464,63,164
f_00058,54,True,1.0,195,195
f_00010,54,True,0.948051948051948,146,154
f_00035,54,True,1.0,334,334
f_00031,54,True,0.9565217391304348,44,46
f_00086,54,True,0.995575221238938,225,226
f_00062,54,True,1.0,271,271
f_00054,54,True,1.0,119,119
f_00032,55,True,0.9912536443148688,340,343
f_00041,55,True,1.0,166,166
f_00020,55,True,1.0,658,658
f_00075,55,True,1.0,33,33
f_00069,55,True,1.0,410,410
f_00062,55,True,1.0,271,271
f_00074,55,True,1.0,317,317
f_00038,55,True,1.0,125,125
f_00080,55,True,0.7172413793103448,104,145
f_00058,55,True,1.0,195,195
f_00089,56,True,0.8349514563106796,86,103
f_00000,56,True,0.9909297052154195,437,441
f_00084,56,True,1.0,65,65
f_00016,56,True,0.4024390243902439,66,164
f_00097,56,True,1.0,37,37
f_00067,56,True,0.9915966386554622,118,119
f_00041,56,True,1.0,166,166
f_00038,56,True,1.0,125,125
f_00059,56,True,0.9387755102040817,46,49
f_00060,56,True,0.6033519553072626,324,537
f_00059,57,True,0.9183673469387755,45,49
f_00021,57,True,1.0,146,146
f_00034,57,True,0.9923664122137404,130,131
f_00035,57,True,1.0,334,334
f_00095,57,True,1.0,134,134
f_00041,57,True,1.0,166,166
f_00009,57,True,1.0,26,26
f_00012,57,True,1.0,266,266
f_00047,57,True,0.9143576826196473,363,397
f_00042,57,True,0.6173469387755102,242,392
f_00088,58,True,1.0,35,35
f_00078,58,True,0.8225806451612904,204,248
f_00075,58,True,1.0,33,33
f_00043,58,True,0.9836065573770492,60,61
f_00057,58,True,0.9762931034482759,453,464
f_00063,58,True,1.0,39,39
f_00034,58,True,1.0,131,131
f_00079,58,True,0.9444444444444444,51,54
f_00017,58,True,0.9696969696969697,32,33
f_00093,58,True,1.0,282,282
f_00076,59,True,0.9826086956521739,113,115
f_00035,59,True,1.0,334,334
f_00009,59,True,1.0,26,26
f_00075,59,True,1.0,33,33
f_00032,59,True,0.9504373177842566,326,343
f_00097,59,True,0.9459459459459459,35,37
f_00053,59,True,0.8484848484848485,28,33
f_00072,59,True,0.5337837837837838,158,296
f_00027,59,True,0.7440147329650092,404,543
f_00091,59,True,1.0,110,110
f_00060,60,True,0.3407821229050279,183,537
f_00014,60,True,0.9817073170731707,161,164
f_00009,60,True,1.0,26,26
f_00043,60,True,0.9836065573770492,60,61
f_00015,60,True,0.9931350114416476,434,437
f_00068,60,True,0.7476635514018691,80,107
f_00007,60,True,1.0,160,160
f_00044,60,True,0.7608695652173914,35,46
f_00065,60,True,0.9806451612903225,304,310
f_00089,60,True,0.6213592233009708,64,103
f_00056,61,True,0.8855218855218855,263,297
f_00067,61,True,0.9915966386554622,118,119
f_00028,61,True,0.7662337662337663,177,231
f_00093,61,True,0.9964539007092199,281,282
f_00030,61,True,0.990909090909091,109,110
f_00071,61,True,0.44144144144144143,98,222
f_00078,61,True,0.7943548387096774,197,248
f_00048,61,True,0.8641304347826086,159,184
f_00025,61,True,0.8242612752721618,530,643
f_00019,61,True,0.831858407079646,188,226
f_00061,62,True,0.96,72,75
f_00018,62,True,0.9880952380952381,83,84
f_00063,62,True,1.0,39,39
f_00089,62,True,0.5436893203883495,56,103
f_00000,62,True,0.9659863945578231,426,441
f_00099,62,True,0.8067484662576687,526,652
f_00042,62,True,0.46938775510204084,184,392
f_00076,62,True,1.0,115,115
f_00081,62,True,0.8503937007874016,108,127
f_00009,62,True,1.0,26,26
f_00014,63,True,0.9695121951219512,159,164
f_00022,63,True,0.8478260869565217,78,92
f_00008,63,True,0.9517241379310345,276,290
f_00093,63,True,0.9964539007092199,281,282
f_00029,63,True,0.9318181818181818,205,220
f_00090,63,True,1.0,43,43
f_00073,63,True,1.0,86,86
f_00028,63,True,0.6623376623376623,153,231
f_00057,63,True,0.9331896551724138,433,464
f_00058,63,True,1.0,195,195
f_00016,64,True,0.29878048780487804,49,164
f_00090,64,True,1.0,43,43
f_00078,64,True,0.8548387096774194,212,248
f_00023,64,True,0.925,259,280
f_00055,64,True,0.9455782312925171,139,147
f_00061,64,True,0.96,72,75
f_00031,64,True,0.9130434782608695,42,46
f_00000,64,True,0.963718820861678,425,441
f_00011,64,True,0.7536231884057971,52,69
f_00082,64,True,0.9911504424778761,112,113
f_00028,65,True,0.6103896103896104,141,231
f_00065,65,True,0.9548387096774194,296,310
f_00016,65,True,0.3048780487804878,50,164
f_00072,65,True,0.5304054054054054,157,296
f_00011,65,True,0.7536231884057971,52,69
f_00036,65,True,0.9052631578947369,86,95
f_00019,65,True,0.6017699115044248,136,226
f_00051,65,True,1.0,329,329
f_00081,65,True,0.8188976377952756,104,127
f_00053,65,True,0.8181818181818182,27,33
f_00053,66,True,0.8181818181818182,27,33
f_00063,66,True,1.0,39,39
f_00096,66,True,1.0,104,104
f_00028,66,True,0.6493506493506493,150,231
f_00078,66,True,0.7983870967741935,198,248
f_00090,66,True,1.0,43,43
f_00058,66,True,1.0,195,195
f_00073,66,True,0.9883720930232558,85,86
f_00034,66,True,0.9618320610687023,126,131
f_00004,66,True,0.9424920127795527,295,313
f_00038,67,True,1.0,125,125
f_00057,67,True,0.9892241379310345,459,464
f_00022,67,True,0.8695652173913043,80,92
f_00041,67,True,1.0,166,166
f_00070,67,True,0.9772727272727273,43,44
f_00039,67,True,0.994475138121547,180,181
f_00010,67,True,0.8831168831168831,136,154
f_00005,67,True,0.9333333333333333,126,135
f_00017,67,True,0.9393939393939394,31,33
f_00032,67,True,0.9475218658892128,325,343
f_00060,68,True,0.38733705772811916,208,537
f_00067,68,True,0.9915966386554622,118,119
f_00048,68,True,0.9565217391304348,176,184
f_00059,68,True,0.7755102040816326,38,49
f_00046,68,True,0.9236641221374046,242,262
f_00094,68,True,0.8681318681318682,79,91
f_00022,68,True,0.8586956521739131,79,92
f_00029,68,True,0.9318181818181818,205,220
f_00053,68,True,0.8181818181818182,27,33
f_00097,68,True,0.8918918918918919,33,37
f_00061,69,True,0.9866666666666667,74,75
f_00033,69,True,0.3986013986013986,57,143
f_00076,69,True,1.0,115,115
f_00048,69,True,0.8641304347826086,159,184
f_00037,69,True,1.0,230,230
f_00054,69,True,0.9495798319327731,113,119
f_00038,69,True,1.0,125,125
f_00013,69,True,0.9847908745247148,259,263
f_00008,69,True,0.8517241379310345,247,290
f_00039,69,True,0.988950276243094,179,181
f_00031,70,True,0.8913043478260869,41,46
f_00088,70,True,1.0,35,35
f_00091,70,True,0.9818181818181818,108,110
f_00025,70,True,0.8475894245723172,545,643
f_00050,70,True,0.8933823529411765,243,272
f_00095,70,True,0.9850746268656716,132,134
f_00067,70,True,0.9915966386554622,118,119
f_00045,70,True,0.9714285714285714,34,35
f_00080,70,True,0.4689655172413793,68,145
f_00070,70,True,0.9772727272727273,43,44
f_00003,71,True,1.0,292,292
f_00023,71,True,0.9214285714285714,258,280
f_00017,71,True,0.9393939393939394,31,33
f_00094,71,True,0.8791208791208791,80,91
f_00061,71,True,0.96,72,75
f_00043,71,True,1.0,61,61
f_00063,71,True,1.0,39,39
f_00091,71,True,0.9818181818181818,108,110
f_00037,71,True,1.0,230,230
f_00084,71,True,1.0,65,65
f_00011,72,True,0.8115942028985508,56,69
f_00073,72,True,1.0,86,86
f_00078,72,True,0.8306451612903226,206,248
f_00047,72,True,0.8866498740554156,352,397
f_00045,72,True,1.0,35,35
f_00083,72,True,1.0,104,104
f_00036,72,True,0.9578947368421052,91,95
f_00075,72,True,1.0,33,33
f_00091,72,True,0.990909090909091,109,110
f_00057,72,True,0.9547413793103449,443,464
f_00046,73,True,0.950381679389313,249,262
f_00054,73,True,0.9831932773109243,117,119
f_00066,73,True,0.9868766404199475,376,381
f_00062,73,True,1.0,271,271
f_00096,73,True,1.0,104,104
f_00049,73,True,0.9908675799086758,217,219
f_00024,73,True,0.9770992366412213,256,262
f_00075,73,True,1.0,33,33
f_00060,73,True,0.4860335195530726,261,537
f_00052,73,True,1.0,503,503
f_00075,74,True,1.0,33,33
f_00051,74,True,1.0,329,329
f_00039,74,True,1.0,181,181
f_00089,74,True,0.7669902912621359,79,103
f_00014,74,True,0.9878048780487805,162,164
f_00054,74,True,0.9915966386554622,118,119
f_00041,74,True,1.0,166,166
f_00030,74,True,0.990909090909091,109,110
f_00024,74,True,0.9961832061068703,261,262
f_00080,74,True,0.8689655172413793,126,145
f_00067,75,True,0.9915966386554622,118,119
f_00090,75,True,1.0,43,43
f_00045,75,True,1.0,35,35
f_00078,75,True,0.9032258064516129,224,248
f_00032,75,True,0.9912536443148688,340,343
f_00086,75,True,0.9867256637168141,223,226
f_00050,75,True,0.8897058823529411,242,272
f_00055,75,True,0.9795918367346939,144,147
f_00033,75,True,0.5874125874125874,84,143
f_00060,75,True,0.8435754189944135,453,537
f_00004,76,True,0.9680511182108626,303,313
f_00016,76,True,0.38414634146341464,63,164
f_00051,76,True,1.0,329,329
f_00033,76,True,0.5594405594405595,80,143
f_00089,76,True,0.7184466019417476,74,103
f_00030,76,True,0.990909090909091,109,110
f_00013,76,True,0.9923954372623575,261,263
f_00077,76,True,1.0,354,354
f_00043,76,True,0.9836065573770492,60,61
f_00085,76,True,1.0,27,27
f_00097,77,True,0.9459459459459459,35,37
f_00076,77,True,0.991304347826087,114,115
f_00096,77,True,1.0,104,104
f_00072,77,True,0.7533783783783784,223,296
f_00042,77,True,0.6428571428571429,252,392
f_00017,77,True,0.9696969696969697,32,33
f_00033,77,True,0.5944055944055944,85,143
f_00051,77,True,1.0,329,329
f_00024,77,True,0.9809160305343512,257,262
f_00036,77,True,0.9157894736842105,87,95
f_00022,78,True,0.9239130434782609,85,92
f_00047,78,True,0.8639798488664987,343,397
f_00061,78,True,1.0,75,75
f_00027,78,True,0.9226519337016574,501,543
f_00050,78,True,0.7977941176470589,217,272
f_00096,78,True,1.0,104,104
f_00089,78,True,0.7572815533980582,78,103
f_00097,78,True,0.972972972972973,36,37
f_00085,78,True,1.0,27,27
f_00030,78,True,0.990909090909091,109,110
f_00044,79,True,0.9130434782608695,42,46
f_00070,79,True,1.0,44,44
f_00023,79,True,0.9964285714285714,279,280
f_00038,79,True,1.0,125,125
f_00074,79,True,1.0,317,317
f_00021,79,True,0.9863013698630136,144,146
f_00082,79,True,1.0,113,113
f_00004,79,True,0.952076677316294,298,313
f_00088,79,True,1.0,35,35
f_00098,79,True,0.8837209302325582,38,43
f_00090,80,True,1.0,43,43
f_00072,80,True,0.8445945945945946,250,296
f_00065,80,True,0.9709677419354839,301,310
f_00050,80,True,0.9007352941176471,245,272
f_00085,80,True,1.0,27,27
f_00056,80,True,0.9393939393939394,279,297
f_00004,80,True,0.9776357827476039,306,313
f_00080,80,True,0.9103448275862069,132,145
f_00031,80,True,0.9347826086956522,43,46
f_00017,80,True,0.9696969696969697,32,33
f_00061,81,True,1.0,75,75
f_00040,81,True,0.9619047619047619,101,105
f_00041,81,True,1.0,166,166
f_00034,81,True,0.9923664122137404,130,131
f_00097,81,True,0.9459459459459459,35,37
f_00051,81,True,1.0,329,329
f_00050,81,True,0.8529411764705882,232,272
f_00013,81,True,0.9885931558935361,260,263
f_00022,81,True,0.9239130434782609,85,92
f_00008,81,True,0.9137931034482759,265,290
f_00087,82,True,0.9776119402985075,131,134
f_00054,82,True,0.9831932773109243,117,119
f_00063,82,True,1.0,39,39
f_00083,82,True,1.0,104,104
f_00096,82,True,1.0,104,104
f_00026,82,True,0.8421052631578947,48,57
f_00000,82,True,0.9931972789115646,438,441
f_00059,82,True,0.9387755102040817,46,49
f_00069,82,True,0.9926829268292683,407,410
f_00014,82,True,0.9878048780487805,162,164
f_00058,83,True,1.0,195,195
f_00047,83,True,0.871536523929471,346,397
f_00083,83,True,1.0,104,104
f_00036,83,True,0.9157894736842105,87,95
f_00008,83,True,0.8068965517241379,234,290
f_00002,83,True,0.9869281045751634,151,153
f_00056,83,True,0.9595959595959596,285,297
f_00049,83,True,1.0,219,219
f_00010,83,True,0.948051948051948,146,154
f_00038,83,True,1.0,125,125
f_00089,84,True,0.8446601941747572,87,103
f_00090,84,True,1.0,43,43
f_00081,84,True,0.905511811023622,115,127
f_00054,84,True,0.9915966386554622,118,119
f_00059,84,True,0.9387755102040817,46,49
f_00004,84,True,0.9936102236421726,311,313
f_00053,84,True,0.9090909090909091,30,33
f_00047,84,True,0.8765743073047859,348,397
f_00052,84,True,1.0,503,503
f_00019,84,True,0.8849557522123894,200,226
f_00024,85,True,0.9961832061068703,261,262
f_00013,85,True,0.8821292775665399,232,263
f_00081,85,True,0.8740157480314961,111,127
f_00073,85,True,0.9767441860465116,84,86
f_00019,85,True,0.8495575221238938,192,226
f_00055,85,True,1.0,147,147
f_00040,85,True,0.9809523809523809,103,105
f_00076,85,True,1.0,115,115
f_00057,85,True,0.9418103448275862,437,464
f_00096,85,True,1.0,104,104
f_00031,86,True,0.9130434782608695,42,46
f_00075,86,True,1.0,33,33
f_00094,86,True,0.9120879120879121,83,91
f_00020,86,True,1.0,658,658
f_00087,86,True,0.9552238805970149,128,134
f_00026,86,True,0.8245614035087719,47,57
f_00029,86,True,0.9772727272727273,215,220
f_00070,86,True,0.9772727272727273,43,44
f_00002,86,True,0.9803921568627451,150,153
f_00050,86,True,0.8529411764705882,232,272
f_00000,87,True,0.9886621315192744,436,441
f_00009,87,True,1.0,26,26
f_00046,87,True,0.9809160305343512,257,262
f_00037,87,True,1.0,230,230
f_00072,87,True,0.8141891891891891,241,296
f_00083,87,True,1.0,104,104
f_00073,87,True,0.9883720930232558,85,86
f_00016,87,True,0.40853658536585363,67,164
f_00055,87,True,1.0,147,147
f_00027,87,True,0.9815837937384899,533,543
f_00080,88,True,0.9172413793103448,133,145
f_00029,88,True,0.9863636363636363,217,220
f_00009,88,True,1.0,26,26
f_00050,88,True,0.8345588235294118,227,272
f_00026,88,True,0.8421052631578947,48,57
f_00081,88,True,0.889763779527559,113,127
f_00048,88,True,0.9456521739130435,174,184
f_00082,88,True,1.0,113,113
f_00037,88,True,1.0,230,230
f_00015,88,True,0.9679633867276888,423,437
f_00082,89,True,1.0,113,113
f_00006,89,True,1.0,113,113
f_00087,89,True,0.9701492537313433,130,134
f_00074,89,True,0.9968454258675079,316,317
f_00029,89,True,0.9681818181818181,213,220
f_00050,89,True,0.9301470588235294,253,272
f_00062,89,True,1.0,271,271
f_00067,89,True,0.9915966386554622,118,119
f_00012,89,True,1.0,266,266
f_00083,89,True,1.0,104,104
f_00036,90,True,0.9473684210526315,90,95
f_00075,90,True,1.0,33,33
f_00089,90,True,0.7864077669902912,81,103
f_00043,90,True,0.9836065573770492,60,61
f_00012,90,True,1.0,266,266
f_00021,90,True,1.0,146,146
f_00095,90,True,1.0,134,134
f_00072,90,True,0.7567567567567568,224,296
f_00024,90,True,0.9770992366412213,256,262
f_00063,90,True,1.0,39,39
f_00034,91,True,1.0,131,131
f_00015,91,True,1.0,437,437
f_00031,91,True,0.9130434782608695,42,46
f_00094,91,True,0.945054945054945,86,91
f_00046,91,True,0.9656488549618321,253,262
f_00070,91,True,1.0,44,44
f_00019,91,True,0.9292035398230089,210,226
f_00080,91,True,0.903448275862069,131,145
f_00006,91,True,1.0,113,113
f_00088,91,True,1.0,35,35
f_00070,92,True,1.0,44,44
f_00092,92,True,0.9230769230769231,60,65
f_00072,92,True,0.706081081081081,209,296
f_00077,92,True,1.0,354,354
f_00023,92,True,0.9607142857142857,269,280
f_00053,92,True,0.9393939393939394,31,33
f_00001,92,True,1.0,127,127
f_00012,92,True,1.0,266,266
f_00097,92,True,1.0,37,37
f_00093,92,True,0.9964539007092199,281,282
f_00013,93,True,0.9923954372623575,261,263
f_00038,93,True,1.0,125,125
f_00036,93,True,0.9473684210526315,90,95
f_00014,93,True,0.9695121951219512,159,164
f_00057,93,True,0.9913793103448276,460,464
f_00077,93,True,1.0,354,354
f_00066,93,True,0.9973753280839895,380,381
f_00073,93,True,0.9883720930232558,85,86
f_00003,93,True,1.0,292,292
f_00000,93,True,0.9682539682539683,427,441
f_00013,94,True,1.0,263,263
f_00019,94,True,0.8539823008849557,193,226
f_00010,94,True,0.9415584415584416,145,154
f_00024,94,True,0.9961832061068703,261,262
f_00076,94,True,1.0,115,115
f_00057,94,True,0.9741379310344828,452,464
f_00088,94,True,1.0,35,35
f_00023,94,True,0.9964285714285714,279,280
f_00061,94,True,1.0,75,75
f_00031,94,True,0.9130434782608695,42,46
f_00018,95,True,0.9761904761904762,82,84
f_00045,95,True,1.0,35,35
f_00094,95,True,0.9340659340659341,85,91
f_00024,95,True,0.9885496183206107,259,262
f_00056,95,True,0.9595959595959596,285,297
f_00067,95,True,0.9915966386554622,118,119
f_00010,95,True,0.9415584415584416,145,154
f_00014,95,True,0.9634146341463414,158,164
f_00013,95,True,0.9847908745247148,259,263
f_00009,95,True,1.0,26,26
f_00013,96,True,0.9467680608365019,249,263
f_00048,96,True,0.9456521739130435,174,184
f_00073,96,True,0.9651162790697675,83,86
f_00093,96,True,1.0,282,282
f_00070,96,True,0.9772727272727273,43,44
f_00001,96,True,1.0,127,127
f_00043,96,True,0.9836065573770492,60,61
f_00077,96,True,1.0,354,354
f_00076,96,True,0.991304347826087,114,115
f_00088,96,True,1.0,35,35
f_00021,97,True,1.0,146,146
f_00045,97,True,1.0,35,35
f_00083,97,True,1.0,104,104
f_00068,97,True,0.8317757009345794,89,107
f_00075,97,True,1.0,33,33
f_00065,97,True,0.9838709677419355,305,310
f_00096,97,True,1.0,104,104
f_00001,97,True,1.0,127,127
f_00077,97,True,1.0,354,354
f_00073,97,True,0.9651162790697675,83,86
f_00081,98,True,0.8976377952755905,114,127
f_00084,98,True,0.9846153846153847,64,65
f_00060,98,True,0.7150837988826816,384,537
f_00018,98,True,0.9642857142857143,81,84
f_00045,98,True,1.0,35,35
f_00047,98,True,0.8614609571788413,342,397
f_00094,98,True,0.945054945054945,86,91
f_00083,98,True,1.0,104,104
f_00076,98,True,1.0,115,115
f_00022,98,True,0.9130434782608695,84,92
f_00021,99,True,1.0,146,146
f_00069,99,True,0.9707317073170731,398,410
f_00047,99,True,0.9269521410579346,368,397
f_00034,99,True,0.9847328244274809,129,131
f_00065,99,True,0.9774193548387097,303,310
f_00081,99,True,0.8661417322834646,110,127
f_00093,99,True,0.9964539007092199,281,282
f_00044,99,True,0.8478260869565217,39,46
f_00030,99,True,0.990909090909091,109,110
f_00084,99,True,0.9846153846153847,64,65
f_00022,100,True,0.9130434782608695,84,92
f_00038,100,True,1.0,125,125
f_00077,100,True,1.0,354,354
f_00015,100,True,0.9427917620137299,412,437
f_00011,100,True,0.855072463768116,59,69
f_00061,100,True,1.0,75,75
f_00037,100,True,1.0,230,230
f_00034,100,True,0.9847328244274809,129,131
f_00087,100,True,0.9850746268656716,132,134
f_00003,100,True,1.0,292,292
f_00096,101,True,1.0,104,104
f_00009,101,True,1.0,26,26
f_00026,101,True,0.8421052631578947,48,57
f_00058,101,True,1.0,195,195
f_00069,101,True,0.9707317073170731,398,410
f_00044,101,True,0.8695652173913043,40,46
f_00013,101,True,0.9847908745247148,259,263
f_00093,101,True,0.9964539007092199,281,282
f_00061,101,True,1.0,75,75
f_00043,101,True,0.9836065573770492,60,61
f_00013,102,True,1.0,263,263
f_00034,102,True,0.9847328244274809,129,131
f_00027,102,True,0.6795580110497238,369,543
f_00016,102,True,0.34146341463414637,56,164
f_00072,102,True,0.7331081081081081,217,296
f_00098,102,True,0.9534883720930233,41,43
f_00014,102,True,0.9573170731707317,157,164
f_00019,102,True,0.8628318584070797,195,226
f_00009,102,True,1.0,26,26
f_00046,102,True,0.9732824427480916,255,262
f_00029,103,True,0.9681818181818181,213,220
f_00072,103,True,0.7331081081081081,217,296
f_00081,103,True,0.8582677165354331,109,127
f_00080,103,True,0.7172413793103448,104,145
f_00068,103,True,0.9345794392523364,100,107
f_00085,103,True,1.0,27,27
f_00014,103,True,0.9695121951219512,159,164
f_00000,103,True,0.9750566893424036,430,441
f_00093,103,True,0.9964539007092199,281,282
f_00052,103,True,1.0,503,503
f_00017,104,True,0.9696969696969697,32,33
f_00069,104,True,0.975609756097561,400,410
f_00035,104,True,1.0,334,334
f_00086,104,True,0.9823008849557522,222,226
f_00083,104,True,1.0,104,104
f_00084,104,True,0.9846153846153847,64,65
f_00023,104,True,0.975,273,280
f_00056,104,True,0.9528619528619529,283,297
f_00089,104,True,0.8349514563106796,86,103
f_00060,104,True,0.6163873370577281,331,537
f_00094,105,True,0.9120879120879121,83,91
f_00079,105,True,0.9629629629629629,52,54
f_00036,105,True,0.9052631578947369,86,95
f_00008,105,True,0.6896551724137931,200,290
f_00019,105,True,0.7212389380530974,163,226
f_00016,105,True,0.23780487804878048,39,164
f_00013,105,True,0.9809885931558935,258,263
f_00030,105,True,0.990909090909091,109,110
f_00025,105,True,0.9642301710730948,620,643
f_00003,105,True,0.9897260273972602,289,292
f_00045,106,True,1.0,35,35
f_00082,106,True,1.0,113,113
f_00032,106,True,0.9737609329446064,334,343
f_00052,106,True,1.0,503,503
f_00017,106,True,0.9696969696969697,32,33
f_00096,106,True,1.0,104,104
f_00006,106,True,1.0,113,113
f_00057,106,True,0.9741379310344828,452,464
f_00067,106,True,0.9915966386554622,118,119
f_00074,106,True,0.9873817034700315,313,317
f_00061,107,True,1.0,75,75
f_00020,107,True,1.0,658,658
f_00059,107,True,0.9183673469387755,45,49
f_00099,107,True,0.8926380368098159,582,652
f_00039,107,True,1.0,181,181
f_00042,107,True,0.6301020408163265,247,392
f_00073,107,True,0.9651162790697675,83,86
f_00053,107,True,0.9393939393939394,31,33
f_00045,107,True,1.0,35,35
f_00008,107,True,0.7206896551724138,209,290
f_00060,108,True,0.4618249534450652,248,537
f_00038,108,True,1.0,125,125
f_00005,108,True,0.9407407407407408,127,135
f_00054,108,True,0.9747899159663865,116,119
f_00066,108,True,1.0,381,381
f_00033,108,True,0.5734265734265734,82,143
f_00080,108,True,0.6758620689655173,98,145
f_00083,108,True,1.0,104,104
f_00009,108,True,1.0,26,26
f_00004,108,True,0.9424920127795527,295,313
f_00039,109,True,0.994475138121547,180,181
f_00044,109,True,0.8260869565217391,38,46
f_00062,109,True,1.0,271,271
f_00004,109,True,0.952076677316294,298,313
f_00042,109,True,0.7882653061224489,309,392
f_00025,109,True,0.8055987558320373,518,643
f_00000,109,True,0.9727891156462585,429,441
f_00045,109,True,1.0,35,35
f_00029,109,True,0.9545454545454546,210,220
f_00093,109,True,0.9964539007092199,281,282
f_00096,110,True,1.0,104,104
f_00054,110,True,0.9411764705882353,112,119
f_00019,110,True,0.7566371681415929,171,226
f_00097,110,True,1.0,37,37
f_00092,110,True,0.8615384615384616,56,65
f_00031,110,True,0.8913043478260869,41,46
f_00081,110,True,0.8110236220472441,103,127
f_00002,110,True,0.9869281045751634,151,153
f_00024,110,True,0.9961832061068703,261,262
f_00009,110,True,1.0,26,26
f_00009,111,True,1.0,26,26
f_00019,111,True,0.7787610619469026,176,226
f_00007,111,True,1.0,160,160
f_00049,111,True,1.0,219,219
f_00045,111,True,1.0,35,35
f_00035,111,True,1.0,334,334
f_00080,111,True,0.6275862068965518,91,145
f_00085,111,True,1.0,27,27
f_00040,111,True,0.9714285714285714,102,105
f_00089,111,True,0.7864077669902912,81,103
f_00073,112,True,0.9883720930232558,85,86
f_00066,112,True,0.9921259842519685,378,381
f_00018,112,True,0.9761904761904762,82,84
f_00074,112,True,0.9968454258675079,316,317
f_00033,112,True,0.7972027972027972,114,143
f_00002,112,True,0.9869281045751634,151,153
f_00087,112,True,0.8582089552238806,115,134
f_00029,112,True,0.9772727272727273,215,220
f_00098,112,True,0.9767441860465116,42,43
f_00091,112,True,0.9727272727272728,107,110
f_00040,113,True,0.9714285714285714,102,105
f_00031,113,True,0.8913043478260869,41,46
f_00027,113,True,0.9539594843462247,518,543
f_00050,113,True,0.9154411764705882,249,272
f_00071,113,True,0.581081081081081,129,222
f_00081,113,True,0.84251968503937,107,127
f_00099,113,True,0.7530674846625767,491,652
f_00097,113,True,0.972972972972973,36,37
f_00073,113,True,0.9767441860465116,84,86
f_00049,113,True,1.0,219,219
f_00061,114,True,1.0,75,75
f_00064,114,True,0.8803680981595092,287,326
f_00042,114,True,0.7780612244897959,305,392
f_00088,114,True,0.9714285714285714,34,35
f_00027,114,True,0.7292817679558011,396,543
f_00095,114,True,0.9850746268656716,132,134
f_00092,114,True,0.9230769230769231,60,65
f_00050,114,True,0.8860294117647058,241,272
f_00045,114,True,1.0,35,35
f_00085,114,True,1.0,27,27
f_00027,115,True,0.9005524861878453,489,543
f_00008,115,True,0.696551724137931,202,290
f_00049,115,True,0.9817351598173516,215,219
f_00032,115,True,0.9329446064139941,320,343
f_00015,115,True,0.9679633867276888,423,437
f_00035,115,True,1.0,334,334
f_00070,115,True,0.9772727272727273,43,44
f_00059,115,True,0.9183673469387755,45,49
f_00031,115,True,0.8913043478260869,41,46
f_00030,115,True,0.990909090909091,109,110
f_00069,116,True,0.9780487804878049,401,410
f_00035,116,True,1.0,334,334
f_00052,116,True,1.0,503,503
f_00051,116,True,1.0,329,329
f_00026,116,True,0.8245614035087719,47,57
f_00015,116,True,0.8558352402745996,374,437
f_00076,116,True,0.991304347826087,114,115
f_00048,116,True,0.907608695652174,167,184
f_00098,116,True,0.8837209302325582,38,43
f_00012,116,True,1.0,266,266
f_00046,117,True,0.8549618320610687,224,262
f_00057,117,True,0.8836206896551724,410,464
f_00000,117,True,0.9773242630385488,431,441
f_00086,117,True,1.0,226,226
f_00026,117,True,0.8245614035087719,47,57
f_00080,117,True,0.903448275862069,131,145
f_00073,117,True,0.9651162790697675,83,86
f_00020,117,True,1.0,658,658
f_00063,117,True,1.0,39,39
f_00098,117,True,0.9069767441860465,39,43
f_00081,118,True,0.8503937007874016,108,127
f_00006,118,True,1.0,113,113
f_00064,118,True,0.9662576687116564,315,326
f_00084,118,True,0.9846153846153847,64,65
f_00020,118,True,1.0,658,658
f_00002,118,True,0.9934640522875817,152,153
f_00008,118,True,0.8344827586206897,242,290
f_00004,118,True,0.9616613418530351,301,313
f_00066,118,True,0.9868766404199475,376,381
f_00092,118,True,0.9076923076923077,59,65
f_00061,119,True,1.0,75,75
f_00034,119,True,0.9923664122137404,130,131
f_00064,119,True,0.9263803680981595,302,326
f_00011,119,True,0.8405797101449275,58,69
f_00096,119,True,1.0,104,104
f_00018,119,True,0.9880952380952381,83,84
f_00082,119,True,1.0,113,113
f_00052,119,True,1.0,503,503
f_00072,119,True,0.8412162162162162,249,296
f_00092,119,True,0.9076923076923077,59,65
f_00093,120,True,1.0,282,282
f_00068,120,True,0.9439252336448598,101,107
f_00094,120,True,0.9340659340659341,85,91
f_00013,120,True,1.0,263,263
f_00036,120,True,0.9157894736842105,87,95
f_00011,120,True,0.8405797101449275,58,69
f_00005,120,True,0.9481481481481482,128,135
f_00001,120,True,1.0,127,127
f_00040,120,True,0.9904761904761905,104,105
f_00007,120,True,1.0,160,160
f_00073,121,True,1.0,86,86
f_00064,121,True,0.9478527607361963,309,326
f_00037,121,True,1.0,230,230
f_00069,121,True,0.9951219512195122,408,410
f_00031,121,True,0.9347826086956522,43,46
f_00048,121,True,0.9782608695652174,180,184
f_00077,121,True,1.0,354,354
f_00041,121,True,1.0,166,166
f_00053,121,True,0.9393939393939394,31,33
f_00075,121,True,1.0,33,33
f_00046,122,True,0.9923664122137404,260,262
f_00043,122,True,0.9836065573770492,60,61
f_00084,122,True,1.0,65,65
f_00011,122,True,0.9565217391304348,66,69
f_00066,122,True,0.9921259842519685,378,381
f_00092,122,True,0.9230769230769231,60,65
f_00016,122,True,0.3902439024390244,64,164
f_00019,122,True,0.8584070796460177,194,226
f_00096,122,True,1.0,104,104
f_00037,122,True,1.0,230,230
f_00043,123,True,0.9836065573770492,60,61
f_00096,123,True,1.0,104,104
f_00009,123,True,1.0,26,26
f_00000,123,True,0.9931972789115646,438,441
f_00074,123,True,0.9936908517350158,315,317
f_00019,123,True,0.8805309734513275,199,226
f_00001,123,True,1.0,127,127
f_00023,123,True,0.9892857142857143,277,280
f_00038,123,True,1.0,125,125
f_00066,123,True,0.9973753280839895,380,381
f_00027,124,True,0.9484346224677717,515,543
f_00062,124,True,1.0,271,271
f_00032,124,True,0.9737609329446064,334,343
f_00010,124,True,0.961038961038961,148,154
f_00022,124,True,0.9565217391304348,88,92
f_00072,124,True,0.9290540540540541,275,296
f_00064,124,True,0.9478527607361963,309,326
f_00025,124,True,0.942457231726283,606,643
f_00086,124,True,0.995575221238938,225,226
f_00060,124,True,0.8268156424581006,444,537
f_00084,125,True,0.9846153846153847,64,65
f_00007,125,True,1.0,160,160
f_00064,125,True,0.99079754601227,323,326
f_00076,125,True,1.0,115,115
f_00015,125,True,0.9862700228832952,431,437
f_00046,125,True,0.9389312977099237,246,262
f_00027,125,True,0.992633517495396,539,543
f_00047,125,True,0.9748110831234257,387,397
f_00040,125,True,1.0,105,105
f_00069,125,True,0.9975609756097561,409,410
f_00075,126,True,1.0,33,33
f_00097,126,True,1.0,37,37
f_00079,126,True,1.0,54,54
f_00087,126,True,0.9925373134328358,133,134
f_00011,126,True,0.9565217391304348,66,69
f_00007,126,True,1.0,160,160
f_00037,126,True,1.0,230,230
f_00092,126,True,0.9538461538461539,62,65
f_00041,126,True,1.0,166,166
f_00012,126,True,1.0,266,266
f_00078,127,True,0.9435483870967742,234,248
f_00004,127,True,0.9648562300319489,302,313
f_00017,127,True,1.0,33,33
f_00021,127,True,1.0,146,146
f_00076,127,True,1.0,115,115
f_00074,127,True,0.9968454258675079,316,317
f_00019,127,True,0.8672566371681416,196,226
f_00061,127,True,1.0,75,75
f_00045,127,True,1.0,35,35
f_00086,127,True,0.995575221238938,225,226
f_00023,128,True,0.9928571428571429,278,280
f_00041,128,True,1.0,166,166
f_00075,128,True,1.0,33,33
f_00036,128,True,0.968421052631579,92,95
f_00026,128,True,0.8947368421052632,51,57
f_00049,128,True,1.0,219,219
f_00095,128,True,0.9850746268656716,132,134
f_00016,128,True,0.3048780487804878,50,164
f_00093,128,True,0.9964539007092199,281,282
f_00072,128,True,0.9155405405405406,271,296
f_00059,129,True,0.9795918367346939,48,49
f_00053,129,True,0.9393939393939394,31,33
f_00065,129,True,0.9806451612903225,304,310
f_00008,129,True,0.8793103448275862,255,290
f_00068,129,True,0.9532710280373832,102,107
f_00035,129,True,1.0,334,334
f_00013,129,True,0.9847908745247148,259,263
f_00055,129,True,1.0,147,147
f_00023,129,True,0.9928571428571429,278,280
f_00097,129,True,1.0,37,37
f_00074,130,True,0.9968454258675079,316,317
f_00098,130,True,0.9767441860465116,42,43
f_00022,130,True,0.9565217391304348,88,92
f_00045,130,True,1.0,35,35
f_00097,130,True,1.0,37,37
f_00087,130,True,0.917910447761194,123,134
f_00092,130,True,0.9384615384615385,61,65
f_00071,130,True,0.7612612612612613,169,222
f_00047,130,True,0.9722921914357683,386,397
f_00079,130,True,1.0,54,54
f_00035,131,True,1.0,334,334
f_00070,131,True,1.0,44,44
f_00059,131,True,0.9795918367346939,48,49
f_00049,131,True,1.0,219,219
f_00036,131,True,0.9263157894736842,88,95
f_00091,131,True,1.0,110,110
f_00082,131,True,1.0,113,113
f_00050,131,True,0.9779411764705882,266,272
f_00026,131,True,0.9122807017543859,52,57
f_00072,131,True,0.7432432432432432,220,296
f_00022,132,True,0.967391304347826,89,92
f_00083,132,True,1.0,104,104
f_00075,132,True,1.0,33,33
f_00029,132,True,1.0,220,220
f_00066,132,True,1.0,381,381
f_00048,132,True,0.9836956521739131,181,184
f_00012,132,True,1.0,266,266
f_00010,132,True,0.948051948051948,146,154
f_00086,132,True,0.9424778761061947,213,226
f_00001,132,True,1.0,127,127
f_00076,133,True,1.0,115,115
f_00033,133,True,0.9440559440559441,135,143
f_00040,133,True,1.0,105,105
f_00059,133,True,1.0,49,49
f_00065,133,True,0.9870967741935484,306,310
f_00063,133,True,1.0,39,39
f_00073,133,True,1.0,86,86
f_00036,133,True,0.968421052631579,92,95
f_00099,133,True,0.9739263803680982,635,652
f_00082,133,True,1.0,113,113
f_00085,134,True,1.0,27,27
f_00088,134,True,1.0,35,35
f_00054,134,True,0.9831932773109243,117,119
f_00040,134,True,0.9809523809523809,103,105
f_00070,134,True,1.0,44,44
f_00067,134,True,0.9915966386554622,118,119
f_00086,134,True,0.9823008849557522,222,226
f_00038,134,True,1.0,125,125
f_00058,134,True,1.0,195,195
f_00042,134,True,0.9005102040816326,353,392
f_00089,135,True,0.9320388349514563,96,103
f_00056,135,True,0.9966329966329966,296,297
f_00012,135,True,1.0,266,266
f_00090,135,True,1.0,43,43
f_00094,135,True,0.945054945054945,86,91
f_00086,135,True,0.9867256637168141,223,226
f_00019,135,True,0.7743362831858407,175,226
f_00078,135,True,0.8911290322580645,221,248
f_00092,135,True,0.9384615384615385,61,65
f_00059,135,True,0.9795918367346939,48,49
f_00007,136,True,1.0,160,160
f_00094,136,True,0.9340659340659341,85,91
f_00069,136,True,0.9975609756097561,409,410
f_00044,136,True,0.8913043478260869,41,46
f_00050,136,True,0.9264705882352942,252,272
f_00026,136,True,0.8771929824561403,50,57
f_00075,136,True,1.0,33,33
f_00024,136,True,0.9847328244274809,258,262
f_00033,136,True,0.9090909090909091,130,143
f_00018,136,True,0.9880952380952381,83,84
f_00089,137,True,0.9320388349514563,96,103
f_00075,137,True,1.0,33,33
f_00084,137,True,0.9692307692307692,63,65
f_00093,137,True,1.0,282,282
f_00035,137,True,1.0,334,334
f_00071,137,True,0.8198198198198198,182,222
f_00019,137,True,0.7699115044247787,174,226
f_00063,137,True,0.9743589743589743,38,39
f_00059,137,True,0.9795918367346939,48,49
f_00094,137,True,0.9340659340659341,85,91
f_00054,138,True,0.9243697478991597,110,119
f_00066,138,True,1.0,381,381
f_00017,138,True,1.0,33,33
f_00043,138,True,0.9836065573770492,60,61
f_00053,138,True,0.9393939393939394,31,33
f_00040,138,True,0.9904761904761905,104,105
f_00076,138,True,1.0,115,115
f_00001,138,True,1.0,127,127
f_00004,138,True,0.9456869009584664,296,313
f_00081,138,True,0.8582677165354331,109,127
f_00052,139,True,1.0,503,503
f_00051,139,True,1.0,329,329
f_00097,139,True,0.972972972972973,36,37
f_00007,139,True,1.0,160,160
f_00041,139,True,0.9879518072289156,164,166
f_00061,139,True,1.0,75,75
f_00029,139,True,0.9863636363636363,217,220
f_00088,139,True,1.0,35,35
f_00049,139,True,1.0,219,219
f_00026,139,True,0.8771929824561403,50,57
f_00021,140,True,1.0,146,146
f_00047,140,True,0.9773299748110831,388,397
f_00020,140,True,1.0,658,658
f_00059,140,True,0.9795918367346939,48,49
f_00085,140,True,1.0,27,27
f_00002,140,True,0.9934640522875817,152,153
f_00099,140,True,0.9693251533742331,632,652
f_00070,140,True,1.0,44,44
f_00054,140,True,0.9915966386554622,118,119
f_00050,140,True,0.9669117647058824,263,272
f_00065,141,True,0.9838709677419355,305,310
f_00098,141,True,0.9767441860465116,42,43
f_00079,141,True,1.0,54,54
f_00006,141,True,1.0,113,113
f_00058,141,True,1.0,195,195
f_00092,141,True,0.9846153846153847,64,65
f_00019,141,True,0.8407079646017699,190,226
f_00037,141,True,1.0,230,230
f_00033,141,True,0.972027972027972,139,143
f_00075,141,True,1.0,33,33
f_00044,142,True,0.8478260869565217,39,46
f_00084,142,True,1.0,65,65
f_00056,142,True,0.9966329966329966,296,297
f_00000,142,True,0.9886621315192744,436,441
f_00069,142,True,1.0,410,410
f_00015,142,True,0.977116704805492,427,437
f_00066,142,True,1.0,381,381
f_00078,142,True,0.967741935483871,240,248
f_00042,142,True,0.9285714285714286,364,392
f_00095,142,True,0.9402985074626866,126,134
f_00036,143,True,0.968421052631579,92,95
f_00020,143,True,1.0,658,658
f_00053,143,True,0.9696969696969697,32,33
f_00026,143,True,0.9122807017543859,52,57
f_00080,143,True,0.9517241379310345,138,145
f_00067,143,True,1.0,119,119
f_00025,143,True,0.9875583203732504,635,643
f_00037,143,True,1.0,230,230
f_00039,143,True,1.0,181,181
f_00010,143,True,0.9545454545454546,147,154
f_00054,144,True,0.9915966386554622,118,119
f_00062,144,True,1.0,271,271
f_00065,144,True,0.9870967741935484,306,310
f_00069,144,True,0.9975609756097561,409,410
f_00082,144,True,1.0,113,113
f_00046,144,True,1.0,262,262
f_00064,144,True,0.9815950920245399,320,326
f_00070,144,True,1.0,44,44
f_00059,144,True,0.9795918367346939,48,49
f_00011,144,True,0.9565217391304348,66,69
f_00078,145,True,0.9556451612903226,237,248
f_00089,145,True,0.9611650485436893,99,103
f_00064,145,True,0.9815950920245399,320,326
f_00025,145,True,0.9720062208398134,625,643
f_00085,145,True,1.0,27,27
f_00009,145,True,1.0,26,26
f_00057,145,True,0.9439655172413793,438,464
f_00041,145,True,1.0,166,166
f_00097,145,True,1.0,37,37
f_00045,145,True,1.0,35,35
f_00032,146,True,0.9766763848396501,335,343
f_00008,146,True,0.9344827586206896,271,290
f_00070,146,True,1.0,44,44
f_00041,146,True,1.0,166,166
f_00012,146,True,1.0,266,266
f_00019,146,True,0.8805309734513275,199,226
f_00088,146,True,1.0,35,35
f_00020,146,True,1.0,658,658
f_00098,146,True,0.9767441860465116,42,43
f_00033,146,True,0.7972027972027972,114,143
f_00050,147,True,0.9779411764705882,266,272
f_00029,147,True,1.0,220,220
f_00081,147,True,0.952755905511811,121,127
f_00033,147,True,0.9440559440559441,135,143
f_00044,147,True,0.9347826086956522,43,46
f_00069,147,True,1.0,410,410
f_00002,147,True,0.9934640522875817,152,153
f_00068,147,True,0.9719626168224299,104,107
f_00093,147,True,1.0,282,282
f_00085,147,True,1.0,27,27
f_00005,148,True,0.9851851851851852,133,135
f_00084,148,True,0.9846153846153847,64,65
f_00070,148,True,1.0,44,44
f_00073,148,True,1.0,86,86
f_00031,148,True,0.9782608695652174,45,46
f_00062,148,True,1.0,271,271
f_00069,148,True,1.0,410,410
f_00013,148,True,1.0,263,263
f_00086,148,True,1.0,226,226
f_00074,148,True,0.9968454258675079,316,317
f_00069,149,True,1.0,410,410
f_00009,149,True,1.0,26,26
f_00041,149,True,1.0,166,166
f_00083,149,True,1.0,104,104
f_00076,149,True,1.0,115,115
f_00063,149,True,1.0,39,39
f_00034,149,True,1.0,131,131
f_00067,149,True,1.0,119,119
f_00036,149,True,0.9894736842105263,94,95
f_00087,149,True,0.9776119402985075,131,134
f_00040,150,True,1.0,105,105
f_00077,150,True,1.0,354,354
f_00095,150,True,0.9626865671641791,129,134
f_00052,150,True,1.0,503,503
f_00025,150,True,0.9813374805598756,631,643
f_00038,150,True,1.0,125,125
f_00046,150,True,0.9923664122137404,260,262
f_00047,150,True,0.9899244332493703,393,397
f_00093,150,True,1.0,282,282
f_00088,150,True,1.0,35,35
